Ar,Manad,ArManad,Kommun,Hemland,Gastnatter
2026,8,202608,Luleå,Australien,23
2026,8,202608,Luleå,Belgien,185
2026,8,202608,Luleå,Bosnien och Hercegovina,1
2026,8,202608,Luleå,Brasilien,29
2026,8,202608,Luleå,Bulgarien,8
2026,8,202608,Luleå,Cypern,2
2026,8,202608,Luleå,Danmark,188
2026,8,202608,Luleå,Ej angivet,108
2026,8,202608,Luleå,El Salvador,3
2026,8,202608,Luleå,Estland,50
2026,8,202608,Luleå,Filippinerna,1
2026,8,202608,Luleå,Finland,2522
2026,8,202608,Luleå,Frankrike,413
2026,8,202608,Luleå,Förenade Arabemiraten,9
2026,8,202608,Luleå,Georgien,10
2026,8,202608,Luleå,Indien,4
2026,8,202608,Luleå,Indonesien,26
2026,8,202608,Luleå,Iran,5
2026,8,202608,Luleå,Irland,35
2026,8,202608,Luleå,Island,13
2026,8,202608,Luleå,Israel,16
2026,8,202608,Luleå,Italien,455
2026,8,202608,Luleå,Japan,30
2026,8,202608,Luleå,Kanada,12
2026,8,202608,Luleå,Kazakstan,1
2026,8,202608,Luleå,Kina,23
2026,8,202608,Luleå,Kroatien,5
2026,8,202608,Luleå,Lettland,25
2026,8,202608,Luleå,Liechtenstein,2
2026,8,202608,Luleå,Litauen,40
2026,8,202608,Luleå,Luxemburg,15
2026,8,202608,Luleå,Malta,2
2026,8,202608,Luleå,Mexiko,4
2026,8,202608,Luleå,Nauru,2
2026,8,202608,Luleå,Nederländerna,412
2026,8,202608,Luleå,Nigeria,2
2026,8,202608,Luleå,Norge,8539
2026,8,202608,Luleå,Nya Zeeland,3
2026,8,202608,Luleå,Panama,12
2026,8,202608,Luleå,Polen,374
2026,8,202608,Luleå,Portugal,15
2026,8,202608,Luleå,Rumänien,92
2026,8,202608,Luleå,Ryssland,2
2026,8,202608,Luleå,Saudiarabien,2
2026,8,202608,Luleå,Schweiz,548
2026,8,202608,Luleå,Serbien,1
2026,8,202608,Luleå,Singapore,2
2026,8,202608,Luleå,Slovakien,5
2026,8,202608,Luleå,Slovenien,15
2026,8,202608,Luleå,Spanien,154
2026,8,202608,Luleå,Storbritannien,433
2026,8,202608,Luleå,Sverige,43253
2026,8,202608,Luleå,Swaziland,2
2026,8,202608,Luleå,Sydkorea,2
2026,8,202608,Luleå,Taiwan,4
2026,8,202608,Luleå,Thailand,33
2026,8,202608,Luleå,Tjeckien,85
2026,8,202608,Luleå,Turkiet,15
2026,8,202608,Luleå,Tyskland,1772
2026,8,202608,Luleå,USA,1901
2026,8,202608,Luleå,Ukraina,47
2026,8,202608,Luleå,Ungern,19
2026,8,202608,Luleå,Uruguay,2
2026,8,202608,Luleå,Vitryssland,1
2026,8,202608,Luleå,Österrike,252
